id,start,dur,kind,img,chart,lines
n001,0.0,4.79,scene,n001.jpg,,1-2
n002,4.79,5.25,scene,n002.jpg,,1-2
n003,10.04,5.21,scene,n003.jpg,,3-3
n004,15.24,5.77,scene,n004.jpg,,3-3
n005,21.01,2.68,scene,n005.jpg,,4-4
n006,23.7,3.23,scene,n006.jpg,,4-4
n007,26.92,5.21,scene,n007.jpg,,5-5
n008,32.13,5.53,bake,n008.jpg,,6-6
n009,37.66,5.38,bake,n009.jpg,,7-7
n010,43.04,6.16,scene,n010.jpg,,8-8
n011,49.2,4.81,scene,n011.jpg,,9-9
n012,54.01,5.13,scene,n012.jpg,,9-9
n013,59.14,3.31,scene,n013.jpg,,10-10
n014,62.45,4.93,scene,n014.jpg,,11-11
n015,67.38,4.2,scene,n015.jpg,,12-12
n016,71.58,4.6,scene,n016.jpg,,13-13
n017,76.18,4.95,scene,n017.jpg,,13-13
n018,81.13,4.66,scene,n018.jpg,,14-14
n019,85.79,4.66,scene,n019.jpg,,14-14
n020,90.46,5.0,scene,n020.jpg,,14-14
n021,95.46,3.57,scene,n021.jpg,,15-15
n022,99.03,3.9,scene,n022.jpg,,15-15
n023,102.93,7.82,scene,n023.jpg,,16-16
n024,110.75,6.41,scene,n024.jpg,,17-17
n025,117.16,6.86,scene,n025.jpg,,17-17
n026,124.02,8.16,scene,n026.jpg,,18-18
n027,132.18,4.41,scene,n027.jpg,,19-19
n028,136.59,4.82,scene,n028.jpg,,19-19
n029,141.42,7.78,scene,n029.jpg,,20-20
n030,149.2,4.99,scene,n030.jpg,,21-21
n031,154.19,5.44,scene,n031.jpg,,21-21
n032,159.62,3.59,scene,n032.jpg,,22-22
n033,163.21,4.88,scene,n033.jpg,,23-23
n034,168.09,5.16,scene,n034.jpg,,23-23
n035,173.25,9.0,scene,n035.jpg,,24-24
n036,182.25,4.17,scene,n036.jpg,,25-25
n037,186.42,4.73,scene,n037.jpg,,26-26
n038,191.15,3.49,scene,n038.jpg,,27-27
n039,194.64,3.92,scene,n039.jpg,,27-27
n040,198.56,8.48,chart,,"до 1994: 3 rem за квартал, пожизненно не больше 5 × (возраст − 18)",28-28
n041,207.04,4.36,chart,,с 1994: 5 rem в год,29-29
n042,211.4,7.2,chart,,5 rem = 50 mSv  vs  средний американец ≈ 6 mSv в год,30-30
n043,218.6,3.6,scene,n043.jpg,,31-31
n044,222.2,8.74,chart,,1 год на лимите ≈ 8 лет обычной жизни ≈ 2 500 рентгенов,32-32
n045,230.94,2.6,scene,n045.jpg,,33-33
n046,233.54,8.22,scene,n046.jpg,,34-34
n047,241.76,3.73,scene,n047.jpg,,35-35
n048,245.49,3.85,scene,n048.jpg,,36-36
n049,249.34,4.31,bake,n049.jpg,,36-36
n050,253.66,4.1,scene,n050.jpg,,37-37
n051,257.76,6.03,scene,n051.jpg,,38-38
n052,263.79,3.88,scene,n052.jpg,,39-39
n053,267.67,4.26,scene,n053.jpg,,39-39
n054,271.93,6.41,scene,n054.jpg,,40-40
n055,278.34,7.15,scene,n055.jpg,,41-41
n056,285.49,6.54,scene,n056.jpg,,42-42
n057,292.03,6.72,chart,,"1978 → 1980: выработка ↓, облучаемых 44 000 → 77 000",42-42
n058,298.75,7.57,scene,n058.jpg,,43-44
n059,306.32,7.22,scene,n059.jpg,,45-45
n060,313.54,2.69,scene,n060.jpg,,46-46
n061,316.23,6.15,scene,n061.jpg,,47-47
n062,322.38,6.6,scene,n062.jpg,,47-47
n063,328.98,6.39,scene,n063.jpg,,48-48
n064,335.37,3.24,scene,n064.jpg,,49-49
n065,338.61,5.83,scene,n065.jpg,,50-50
n066,344.44,6.51,scene,n066.jpg,,50-50
n067,350.96,5.37,scene,n067.jpg,,51-51
n068,356.32,6.01,scene,n068.jpg,,51-51
n069,362.34,6.95,scene,n069.jpg,,52-52
n070,369.29,5.26,scene,n070.jpg,,53-53
n071,374.55,6.16,scene,n071.jpg,,53-53
n072,380.71,4.81,scene,n072.jpg,,54-54
n073,385.52,5.52,scene,n073.jpg,,54-54
n074,391.04,5.07,scene,n074.jpg,,55-55
n075,396.11,4.88,scene,n075.jpg,,56-56
n076,400.99,5.16,scene,n076.jpg,,56-56
n077,406.15,3.44,scene,n077.jpg,,57-57
n078,409.59,6.8,scene,n078.jpg,,58-58
n079,416.39,4.55,scene,n079.jpg,,59-59
n080,420.94,4.87,scene,n080.jpg,,60-60
n081,425.81,5.15,bake,n081.jpg,,60-60
n082,430.96,5.05,bake,n082.jpg,,61-61
n083,436.01,4.31,scene,n083.jpg,,62-62
n084,440.32,4.62,scene,n084.jpg,,62-62
n085,444.94,7.21,bake,n085.jpg,,63-63
n086,452.15,4.12,scene,n086.jpg,,64-64
n087,456.27,5.37,scene,n087.jpg,,65-65
n088,461.63,5.64,bake,n088.jpg,,65-65
n089,467.28,4.44,scene,n089.jpg,,66-66
n090,471.72,4.44,scene,n090.jpg,,66-66
n091,476.17,4.75,scene,n091.jpg,,66-66
n092,480.92,6.55,scene,n092.jpg,,67-67
n093,487.47,5.95,scene,n093.jpg,,68-68
n094,493.42,6.25,scene,n094.jpg,,68-68
n095,499.67,4.6,scene,n095.jpg,,69-69
n096,504.27,4.9,scene,n096.jpg,,69-69
n097,509.17,3.99,scene,n097.jpg,,70-70
n098,513.16,2.56,scene,n098.jpg,,71-72
n099,515.72,7.07,scene,n099.jpg,,72-72
n100,522.79,4.13,scene,n100.jpg,,73-73
n101,526.92,6.38,scene,n101.jpg,,74-74
n102,533.3,7.38,scene,n102.jpg,,75-75
n103,540.67,7.83,scene,n103.jpg,,75-75
n104,548.5,4.74,scene,n104.jpg,,76-76
n105,553.24,5.08,chart,,"INWORKS: риск растёт вместе с дозой, даже ниже лимитов",76-76
n106,558.32,7.9,chart,,1 год на лимите ≈ +2–3 % к риску смерти от рака,77-77
n107,566.22,2.59,scene,n107.jpg,,78-78
n108,568.81,4.73,scene,n108.jpg,,79-79
n109,573.54,5.43,scene,n109.jpg,,79-79
n110,578.97,2.35,scene,n110.jpg,,80-80
n111,581.32,7.6,scene,n111.jpg,,81-81
n112,588.92,5.1,scene,n112.jpg,,82-82
n113,594.01,5.41,scene,n113.jpg,,82-82
n114,599.43,4.68,scene,n114.jpg,,83-83
n115,604.11,5.1,bake,n115.jpg,,83-83
n116,609.2,5.26,scene,n116.jpg,,84-84
n117,614.46,4.49,scene,n117.jpg,,85-85
n118,618.95,4.7,scene,n118.jpg,,85-85
n119,623.65,6.11,bake,n119.jpg,,86-86
n120,629.76,6.46,scene,n120.jpg,,86-86
n121,636.22,4.34,scene,n121.jpg,,87-87
n122,640.56,6.42,scene,n122.jpg,,88-88
n123,646.98,7.17,chart,,"2023: 93 489 под контролем, средняя доза ≈ 0,16 rem",88-88
n124,654.15,5.6,scene,n124.jpg,,89-89
n125,659.75,4.42,scene,n125.jpg,,90-90
n126,664.17,5.39,scene,n126.jpg,,90-90
n127,669.56,2.57,scene,n127.jpg,,91-91
n128,672.13,4.97,scene,n128.jpg,,92-92
n129,677.1,5.74,scene,n129.jpg,,92-92
n130,682.83,4.79,scene,n130.jpg,,93-93
n131,687.62,8.89,scene,n131.jpg,,94-95
n132,696.51,3.84,scene,n132.jpg,,96-96
